{"logo_type":"image","logo_image":"","logo_height":"80","mobile_logo":"","logo_text":"","logo_slogan":"","header_height":"80px","sticky_header":"1","favicon":"","body_bg_image":"","body_bg_repeat":"inherit","body_bg_size":"inherit","body_bg_attachment":"inherit","body_bg_position":"0 0","enabled_copyright":"1","copyright_position":"footer1","copyright_load_pos":"default","copyright":"\u00a9 2019 Your Company. Designed by DHtheme","goto_top":"1","show_social_icons":"1","social_position":"top2","social_load_pos":"default","facebook":"#","twitter":"#","googleplus":"#","pinterest":"#","linkedin":"#","dribbble":"#","instagram":"#","behance":"#","youtube":"#","flickr":"#","skype":"pq.softs","whatsapp":"#","vk":"#","custom":"","contactinfo":"1","contact_position":"top1","contact_phone":"+555 123 4567","contact_mobile":"+333 876 5432","contact_email":"contact@email.com","contact_time":"","comingsoon_title":"Coming Soon Title","comingsoon_content":"Coming soon content","comingsoon_date":"5-10-2018","comingsoon_logo":"","comingsoon_bg_image":"","comingsoon_social_icons":"1","error_logo":"images\/elements\/logo.png","error_bg":"images\/elements\/error.jpg","preset":"{\"footer_link_hover_color\":\"#FFFFFF\",\"footer_link_color\":\"#787d8e\",\"footer_text_color\":\"#FFFFFF\",\"footer_bg_color\":\"#26282d\",\"menu_dropdown_text_active_color\":\"#3498db\",\"menu_dropdown_text_hover_color\":\"#3498db\",\"menu_dropdown_text_color\":\"#858585\",\"menu_dropdown_bg_color\":\"#FFFFFF\",\"menu_text_active_color\":\"#3498db\",\"menu_text_hover_color\":\"#3498db\",\"menu_text_color\":\"#858585\",\"logo_text_color\":\"#3498db\",\"topbar_text_color\":\"#858585\",\"topbar_bg_color\":\"#FFFFFF\",\"header_bg_color\":\"#FFFFFF\",\"link_hover_color\":\"#1573b2\",\"link_color\":\"#3498db\",\"bg_color\":\"#FFFFFF\",\"text_color\":\"#858585\",\"preset\":\"preset1\"}","custom_style":"1","text_color":"#32373b","bg_color":"#ffffff","link_color":"#9e2a23","link_hover_color":"#89221c","header_bg_color":"#9e2a23","logo_text_color":"#ffffff","topbar_bg_color":"#81221d","topbar_text_color":"#e6938e","menu_text_color":"#e6938e","menu_text_hover_color":"#ffffff","menu_text_active_color":"#ffffff","menu_dropdown_bg_color":"#ffffff","menu_dropdown_text_color":"#999999","menu_dropdown_text_hover_color":"#9e2a23","menu_dropdown_text_active_color":"#9e2a23","footer_bg_color":"#393f43","footer_text_color":"#8d969d","footer_link_color":"#ffffff","footer_link_hover_color":"#8d969d","layout":"[{\"type\":\"row\",\"layout\":\"6+6\",\"settings\":{\"name\":\"Top Bar\",\"fluidrow\":0,\"custom_class\":\"\",\"padding\":\"\",\"margin\":\"\",\"color\":\"\",\"link_color\":\"\",\"link_hover_color\":\"\",\"background_color\":\"\",\"background_image\":\"\",\"background_repeat\":\"\",\"background_size\":\"\",\"background_attachment\":\"\",\"background_position\":\"\",\"hide_on_phone\":1,\"hide_on_large_phone\":1,\"hide_on_tablet\":0,\"hide_on_small_desktop\":0,\"hide_on_desktop\":0},\"attr\":[{\"type\":\"sp_col\",\"settings\":{\"sortableitem\":\"[object Object]\",\"grid_size\":6,\"hide_on_desktop\":0,\"hide_on_small_desktop\":0,\"hide_on_tablet\":0,\"hide_on_large_phone\":0,\"hide_on_phone\":0,\"xs_col\":\"\",\"sm_col\":\"\",\"md_col\":\"\",\"xl_col\":\"\",\"custom_class\":\"\",\"name\":\"top1\",\"column_type\":0}},{\"type\":\"sp_col\",\"settings\":{\"grid_size\":6,\"hide_on_desktop\":0,\"hide_on_small_desktop\":0,\"hide_on_tablet\":0,\"hide_on_large_phone\":0,\"hide_on_phone\":0,\"xs_col\":\"\",\"sm_col\":\"\",\"md_col\":\"\",\"xl_col\":\"\",\"custom_class\":\"\",\"name\":\"top2\",\"column_type\":0}}]},{\"type\":\"row\",\"layout\":\"4+8\",\"settings\":{\"hide_on_desktop\":0,\"hide_on_small_desktop\":0,\"hide_on_tablet\":0,\"hide_on_large_phone\":0,\"hide_on_phone\":0,\"background_position\":\"\",\"background_attachment\":\"\",\"background_size\":\"\",\"background_repeat\":\"\",\"background_image\":\"\",\"background_color\":\"\",\"link_hover_color\":\"\",\"link_color\":\"\",\"color\":\"\",\"margin\":\"\",\"padding\":\"\",\"custom_class\":\"\",\"fluidrow\":0,\"name\":\"Header\"},\"attr\":[{\"type\":\"sp_col\",\"settings\":{\"grid_size\":4,\"sortableitem\":\"[object Object]\",\"hide_on_desktop\":0,\"hide_on_small_desktop\":0,\"hide_on_tablet\":0,\"hide_on_large_phone\":0,\"hide_on_phone\":0,\"xs_col\":9,\"sm_col\":9,\"md_col\":\"\",\"xl_col\":\"\",\"custom_class\":\"\",\"name\":\"logo\",\"column_type\":0}},{\"type\":\"sp_col\",\"settings\":{\"grid_size\":8,\"hide_on_desktop\":0,\"hide_on_small_desktop\":0,\"hide_on_tablet\":0,\"hide_on_large_phone\":0,\"hide_on_phone\":0,\"xs_col\":3,\"sm_col\":3,\"md_col\":\"\",\"xl_col\":\"\",\"custom_class\":\"\",\"name\":\"menu\",\"column_type\":0}}]},{\"type\":\"row\",\"layout\":12,\"settings\":{\"hide_desktop\":0,\"hide_small_desktop\":0,\"hide_tablet\":0,\"hide_large_mobile\":1,\"hide_mobile\":1,\"hidden_xs\":0,\"hidden_sm\":0,\"hidden_md\":0,\"hide_on_desktop\":0,\"hide_on_small_desktop\":0,\"hide_on_tablet\":0,\"hide_on_large_phone\":0,\"hide_on_phone\":0,\"background_position\":\"50% 0\",\"background_attachment\":\"scroll\",\"background_size\":\"inherit\",\"background_repeat\":\"no-repeat\",\"background_image\":\"images\/elements\/breadcrumbs.png\",\"background_color\":\"\",\"link_hover_color\":\"\",\"link_color\":\"\",\"color\":\"\",\"margin\":\"\",\"padding\":\"\",\"custom_class\":\"\",\"fluidrow\":0,\"name\":\"Page Title\"},\"attr\":[{\"type\":\"sp_col\",\"settings\":{\"hide_on_desktop\":0,\"hide_on_small_desktop\":0,\"hide_on_tablet\":0,\"hide_on_large_phone\":0,\"hide_on_phone\":0,\"xs_col\":\"\",\"sm_col\":\"\",\"md_col\":\"\",\"xl_col\":\"\",\"custom_class\":\"\",\"name\":\"title\",\"column_type\":0,\"grid_size\":12,\"hidden_xs\":0,\"hidden_sm\":0,\"hidden_md\":0}}]},{\"type\":\"row\",\"layout\":12,\"settings\":{\"name\":\"Slider\",\"fluidrow\":1,\"custom_class\":\"\",\"padding\":\"\",\"margin\":\"\",\"color\":\"\",\"link_color\":\"\",\"link_hover_color\":\"\",\"background_color\":\"\",\"background_image\":\"\",\"background_repeat\":\"\",\"background_size\":\"\",\"background_attachment\":\"\",\"background_position\":\"\",\"hide_on_phone\":0,\"hide_on_large_phone\":0,\"hide_on_tablet\":0,\"hide_on_small_desktop\":0,\"hide_on_desktop\":0},\"attr\":[{\"type\":\"sp_col\",\"settings\":{\"column_type\":0,\"name\":\"slide\",\"custom_class\":\"\",\"xl_col\":\"\",\"md_col\":\"\",\"sm_col\":\"\",\"xs_col\":\"\",\"hide_on_phone\":0,\"hide_on_large_phone\":0,\"hide_on_tablet\":0,\"hide_on_small_desktop\":0,\"hide_on_desktop\":0,\"grid_size\":12}}]},{\"type\":\"row\",\"layout\":12,\"settings\":{\"name\":\"Action\",\"fluidrow\":0,\"custom_class\":\"\",\"padding\":\"80px 0px 80px 0px\",\"margin\":\"\",\"color\":\"\",\"link_color\":\"\",\"link_hover_color\":\"\",\"background_color\":\"\",\"background_image\":\"\",\"background_repeat\":\"\",\"background_size\":\"\",\"background_attachment\":\"\",\"background_position\":\"\",\"hide_on_phone\":0,\"hide_on_large_phone\":0,\"hide_on_tablet\":0,\"hide_on_small_desktop\":0,\"hide_on_desktop\":0},\"attr\":[{\"type\":\"sp_col\",\"settings\":{\"column_type\":0,\"name\":\"action\",\"custom_class\":\"\",\"xl_col\":\"\",\"md_col\":\"\",\"sm_col\":\"\",\"xs_col\":\"\",\"hide_on_phone\":0,\"hide_on_large_phone\":0,\"hide_on_tablet\":0,\"hide_on_small_desktop\":0,\"hide_on_desktop\":0,\"grid_size\":12}}]},{\"type\":\"row\",\"layout\":\"6+6\",\"settings\":{\"name\":\"Users\",\"fluidrow\":0,\"custom_class\":\"\",\"padding\":\"80px 0px 80px 0px\",\"margin\":\"\",\"color\":\"\",\"link_color\":\"\",\"link_hover_color\":\"\",\"background_color\":\"\",\"background_image\":\"\",\"background_repeat\":\"\",\"background_size\":\"\",\"background_attachment\":\"\",\"background_position\":\"\",\"hide_on_phone\":0,\"hide_on_large_phone\":0,\"hide_on_tablet\":0,\"hide_on_small_desktop\":0,\"hide_on_desktop\":0},\"attr\":[{\"type\":\"sp_col\",\"settings\":{\"column_type\":0,\"name\":\"user1\",\"custom_class\":\"\",\"xl_col\":\"\",\"md_col\":\"\",\"sm_col\":\"\",\"xs_col\":\"\",\"hide_on_phone\":0,\"hide_on_large_phone\":0,\"hide_on_tablet\":0,\"hide_on_small_desktop\":0,\"hide_on_desktop\":0,\"grid_size\":6,\"sortableitem\":\"[object Object]\"}},{\"type\":\"sp_col\",\"settings\":{\"column_type\":0,\"name\":\"user2\",\"custom_class\":\"\",\"xl_col\":\"\",\"md_col\":\"\",\"sm_col\":\"\",\"xs_col\":\"\",\"hide_on_phone\":0,\"hide_on_large_phone\":0,\"hide_on_tablet\":0,\"hide_on_small_desktop\":0,\"hide_on_desktop\":0,\"grid_size\":6}}]},{\"type\":\"row\",\"layout\":\"6+6\",\"settings\":{\"name\":\"Middle\",\"fluidrow\":0,\"custom_class\":\"\",\"padding\":\"80px 0px 80px 0px\",\"margin\":\"\",\"color\":\"\",\"link_color\":\"\",\"link_hover_color\":\"\",\"background_color\":\"\",\"background_image\":\"\",\"background_repeat\":\"\",\"background_size\":\"\",\"background_attachment\":\"\",\"background_position\":\"\",\"hide_on_phone\":0,\"hide_on_large_phone\":0,\"hide_on_tablet\":0,\"hide_on_small_desktop\":0,\"hide_on_desktop\":0},\"attr\":[{\"type\":\"sp_col\",\"settings\":{\"column_type\":0,\"name\":\"middle-l\",\"custom_class\":\"\",\"xl_col\":\"\",\"md_col\":\"\",\"sm_col\":\"\",\"xs_col\":\"\",\"hide_on_phone\":0,\"hide_on_large_phone\":0,\"hide_on_tablet\":0,\"hide_on_small_desktop\":0,\"hide_on_desktop\":0,\"grid_size\":6,\"sortableitem\":\"[object Object]\"}},{\"type\":\"sp_col\",\"settings\":{\"column_type\":0,\"name\":\"middle-r\",\"custom_class\":\"\",\"xl_col\":\"\",\"md_col\":\"\",\"sm_col\":\"\",\"xs_col\":\"\",\"hide_on_phone\":0,\"hide_on_large_phone\":0,\"hide_on_tablet\":0,\"hide_on_small_desktop\":0,\"hide_on_desktop\":0,\"grid_size\":6}}]},{\"type\":\"row\",\"layout\":12,\"settings\":{\"name\":\"Parallax\",\"fluidrow\":1,\"custom_class\":\"\",\"padding\":\"\",\"margin\":\"\",\"color\":\"\",\"link_color\":\"\",\"link_hover_color\":\"\",\"background_color\":\"\",\"background_image\":\"\",\"background_repeat\":\"\",\"background_size\":\"\",\"background_attachment\":\"\",\"background_position\":\"\",\"hide_on_phone\":0,\"hide_on_large_phone\":0,\"hide_on_tablet\":0,\"hide_on_small_desktop\":0,\"hide_on_desktop\":0},\"attr\":[{\"type\":\"sp_col\",\"settings\":{\"column_type\":0,\"name\":\"parallax1\",\"custom_class\":\"\",\"xl_col\":\"\",\"md_col\":\"\",\"sm_col\":\"\",\"xs_col\":\"\",\"hide_on_phone\":0,\"hide_on_large_phone\":0,\"hide_on_tablet\":0,\"hide_on_small_desktop\":0,\"hide_on_desktop\":0,\"grid_size\":12}}]},{\"type\":\"row\",\"layout\":\"3+3+3+3\",\"settings\":{\"name\":\"Intop\",\"fluidrow\":0,\"custom_class\":\"\",\"padding\":\"80px 0px 80px 0px\",\"margin\":\"\",\"color\":\"\",\"link_color\":\"\",\"link_hover_color\":\"\",\"background_color\":\"\",\"background_image\":\"\",\"background_repeat\":\"\",\"background_size\":\"\",\"background_attachment\":\"\",\"background_position\":\"\",\"hide_on_phone\":0,\"hide_on_large_phone\":0,\"hide_on_tablet\":0,\"hide_on_small_desktop\":0,\"hide_on_desktop\":0},\"attr\":[{\"type\":\"sp_col\",\"settings\":{\"column_type\":0,\"name\":\"intop1\",\"custom_class\":\"\",\"xl_col\":\"\",\"md_col\":\"\",\"sm_col\":\"\",\"xs_col\":\"\",\"hide_on_phone\":0,\"hide_on_large_phone\":0,\"hide_on_tablet\":0,\"hide_on_small_desktop\":0,\"hide_on_desktop\":0,\"grid_size\":3,\"sortableitem\":\"[object Object]\"}},{\"type\":\"sp_col\",\"settings\":{\"column_type\":0,\"name\":\"intop2\",\"custom_class\":\"\",\"xl_col\":\"\",\"md_col\":\"\",\"sm_col\":\"\",\"xs_col\":\"\",\"hide_on_phone\":0,\"hide_on_large_phone\":0,\"hide_on_tablet\":0,\"hide_on_small_desktop\":0,\"hide_on_desktop\":0,\"grid_size\":3}},{\"type\":\"sp_col\",\"settings\":{\"column_type\":0,\"name\":\"intop3\",\"custom_class\":\"\",\"xl_col\":\"\",\"md_col\":\"\",\"sm_col\":\"\",\"xs_col\":\"\",\"hide_on_phone\":0,\"hide_on_large_phone\":0,\"hide_on_tablet\":0,\"hide_on_small_desktop\":0,\"hide_on_desktop\":0,\"grid_size\":3}},{\"type\":\"sp_col\",\"settings\":{\"column_type\":0,\"name\":\"intop4\",\"custom_class\":\"\",\"xl_col\":\"\",\"md_col\":\"\",\"sm_col\":\"\",\"xs_col\":\"\",\"hide_on_phone\":0,\"hide_on_large_phone\":0,\"hide_on_tablet\":0,\"hide_on_small_desktop\":0,\"hide_on_desktop\":0,\"grid_size\":3}}]},{\"type\":\"row\",\"layout\":\"4+4+4\",\"settings\":{\"custom_class\":\"\",\"fluidrow\":0,\"margin\":\"\",\"padding\":\"\",\"hidden_md\":0,\"hidden_sm\":0,\"hidden_xs\":0,\"link_hover_color\":\"\",\"link_color\":\"\",\"color\":\"\",\"background_color\":\"\",\"name\":\"Main Body\"},\"attr\":[{\"type\":\"sp_col\",\"settings\":{\"grid_size\":4,\"name\":\"left\",\"hidden_xs\":0,\"hidden_sm\":0,\"hidden_md\":0,\"sm_col\":\"\",\"xs_col\":\"\",\"custom_class\":\"\",\"column_type\":0}},{\"type\":\"sp_col\",\"settings\":{\"sortableitem\":\"[object Object]\",\"hidden_xs\":0,\"hidden_sm\":0,\"hidden_md\":0,\"sm_col\":\"\",\"xs_col\":\"\",\"custom_class\":\"\",\"grid_size\":4,\"column_type\":1}},{\"type\":\"sp_col\",\"settings\":{\"grid_size\":4,\"column_type\":0,\"name\":\"right\",\"hidden_xs\":0,\"hidden_sm\":0,\"hidden_md\":0,\"sm_col\":\"\",\"xs_col\":\"\",\"custom_class\":\"\"}}]},{\"type\":\"row\",\"layout\":\"4+4+4\",\"settings\":{\"hide_on_desktop\":0,\"hide_on_small_desktop\":0,\"hide_on_tablet\":0,\"hide_on_large_phone\":0,\"hide_on_phone\":0,\"background_position\":\"\",\"background_attachment\":\"\",\"background_size\":\"\",\"background_repeat\":\"\",\"background_image\":\"\",\"background_color\":\"#f2f2f2\",\"link_hover_color\":\"\",\"link_color\":\"\",\"color\":\"\",\"margin\":\"\",\"padding\":\"80px 0px 80px 0px\",\"custom_class\":\"\",\"fluidrow\":0,\"name\":\"Inner\"},\"attr\":[{\"type\":\"sp_col\",\"settings\":{\"column_type\":0,\"name\":\"inner1\",\"custom_class\":\"\",\"xl_col\":\"\",\"md_col\":\"\",\"sm_col\":\"\",\"xs_col\":\"\",\"hide_on_phone\":0,\"hide_on_large_phone\":0,\"hide_on_tablet\":0,\"hide_on_small_desktop\":0,\"hide_on_desktop\":0,\"grid_size\":4,\"sortableitem\":\"[object Object]\"}},{\"type\":\"sp_col\",\"settings\":{\"column_type\":0,\"name\":\"inner2\",\"custom_class\":\"\",\"xl_col\":\"\",\"md_col\":\"\",\"sm_col\":\"\",\"xs_col\":\"\",\"hide_on_phone\":0,\"hide_on_large_phone\":0,\"hide_on_tablet\":0,\"hide_on_small_desktop\":0,\"hide_on_desktop\":0,\"grid_size\":4}},{\"type\":\"sp_col\",\"settings\":{\"column_type\":0,\"name\":\"inner3\",\"custom_class\":\"\",\"xl_col\":\"\",\"md_col\":\"\",\"sm_col\":\"\",\"xs_col\":\"\",\"hide_on_phone\":0,\"hide_on_large_phone\":0,\"hide_on_tablet\":0,\"hide_on_small_desktop\":0,\"hide_on_desktop\":0,\"grid_size\":4}}]},{\"type\":\"row\",\"layout\":12,\"settings\":{\"name\":\"Subinner\",\"fluidrow\":0,\"custom_class\":\"\",\"padding\":\"80px 0px 80px 0px\",\"margin\":\"\",\"color\":\"\",\"link_color\":\"\",\"link_hover_color\":\"\",\"background_color\":\"\",\"background_image\":\"\",\"background_repeat\":\"\",\"background_size\":\"\",\"background_attachment\":\"\",\"background_position\":\"\",\"hide_on_phone\":0,\"hide_on_large_phone\":0,\"hide_on_tablet\":0,\"hide_on_small_desktop\":0,\"hide_on_desktop\":0},\"attr\":[{\"type\":\"sp_col\",\"settings\":{\"column_type\":0,\"name\":\"subinner\",\"custom_class\":\"\",\"xl_col\":\"\",\"md_col\":\"\",\"sm_col\":\"\",\"xs_col\":\"\",\"hide_on_phone\":0,\"hide_on_large_phone\":0,\"hide_on_tablet\":0,\"hide_on_small_desktop\":0,\"hide_on_desktop\":0,\"grid_size\":12}}]},{\"type\":\"row\",\"layout\":12,\"settings\":{\"name\":\"Parallax2\",\"fluidrow\":1,\"custom_class\":\"\",\"padding\":\"\",\"margin\":\"\",\"color\":\"\",\"link_color\":\"\",\"link_hover_color\":\"\",\"background_color\":\"\",\"background_image\":\"\",\"background_repeat\":\"\",\"background_size\":\"\",\"background_attachment\":\"\",\"background_position\":\"\",\"hide_on_phone\":0,\"hide_on_large_phone\":0,\"hide_on_tablet\":0,\"hide_on_small_desktop\":0,\"hide_on_desktop\":0},\"attr\":[{\"type\":\"sp_col\",\"settings\":{\"column_type\":0,\"name\":\"parallax2\",\"custom_class\":\"\",\"xl_col\":\"\",\"md_col\":\"\",\"sm_col\":\"\",\"xs_col\":\"\",\"hide_on_phone\":0,\"hide_on_large_phone\":0,\"hide_on_tablet\":0,\"hide_on_small_desktop\":0,\"hide_on_desktop\":0,\"grid_size\":12}}]},{\"type\":\"row\",\"layout\":\"4+4+4\",\"settings\":{\"name\":\"Position\",\"fluidrow\":0,\"custom_class\":\"\",\"padding\":\"80px 0px 80px 0px\",\"margin\":\"\",\"color\":\"\",\"link_color\":\"\",\"link_hover_color\":\"\",\"background_color\":\"\",\"background_image\":\"\",\"background_repeat\":\"\",\"background_size\":\"\",\"background_attachment\":\"\",\"background_position\":\"\",\"hide_on_phone\":0,\"hide_on_large_phone\":0,\"hide_on_tablet\":0,\"hide_on_small_desktop\":0,\"hide_on_desktop\":0},\"attr\":[{\"type\":\"sp_col\",\"settings\":{\"column_type\":0,\"name\":\"position1\",\"custom_class\":\"\",\"xl_col\":\"\",\"md_col\":\"\",\"sm_col\":\"\",\"xs_col\":\"\",\"hide_on_phone\":0,\"hide_on_large_phone\":0,\"hide_on_tablet\":0,\"hide_on_small_desktop\":0,\"hide_on_desktop\":0,\"grid_size\":4,\"sortableitem\":\"[object Object]\"}},{\"type\":\"sp_col\",\"settings\":{\"column_type\":0,\"name\":\"position2\",\"custom_class\":\"\",\"xl_col\":\"\",\"md_col\":\"\",\"sm_col\":\"\",\"xs_col\":\"\",\"hide_on_phone\":0,\"hide_on_large_phone\":0,\"hide_on_tablet\":0,\"hide_on_small_desktop\":0,\"hide_on_desktop\":0,\"grid_size\":4}},{\"type\":\"sp_col\",\"settings\":{\"column_type\":0,\"name\":\"position3\",\"custom_class\":\"\",\"xl_col\":\"\",\"md_col\":\"\",\"sm_col\":\"\",\"xs_col\":\"\",\"hide_on_phone\":0,\"hide_on_large_phone\":0,\"hide_on_tablet\":0,\"hide_on_small_desktop\":0,\"hide_on_desktop\":0,\"grid_size\":4}}]},{\"type\":\"row\",\"layout\":\"3+3+3+3\",\"settings\":{\"name\":\"Bottom\",\"fluidrow\":0,\"custom_class\":\"\",\"padding\":\"\",\"margin\":\"\",\"color\":\"\",\"link_color\":\"\",\"link_hover_color\":\"\",\"background_color\":\"\",\"background_image\":\"\",\"background_repeat\":\"\",\"background_size\":\"\",\"background_attachment\":\"\",\"background_position\":\"\",\"hide_on_phone\":0,\"hide_on_large_phone\":0,\"hide_on_tablet\":0,\"hide_on_small_desktop\":0,\"hide_on_desktop\":0,\"hidden_md\":0,\"hidden_sm\":0,\"hidden_xs\":0},\"attr\":[{\"type\":\"sp_col\",\"settings\":{\"sortableitem\":\"[object Object]\",\"hidden_xs\":0,\"hidden_sm\":0,\"hidden_md\":0,\"grid_size\":3,\"hide_on_desktop\":0,\"hide_on_small_desktop\":0,\"hide_on_tablet\":0,\"hide_on_large_phone\":0,\"hide_on_phone\":0,\"xs_col\":\"\",\"sm_col\":\"\",\"md_col\":6,\"xl_col\":\"\",\"custom_class\":\"\",\"name\":\"bottom1\",\"column_type\":0}},{\"type\":\"sp_col\",\"settings\":{\"sortableitem\":\"[object Object]\",\"hidden_md\":0,\"hidden_sm\":0,\"hidden_xs\":0,\"grid_size\":3,\"hide_on_desktop\":0,\"hide_on_small_desktop\":0,\"hide_on_tablet\":0,\"hide_on_large_phone\":0,\"hide_on_phone\":0,\"xs_col\":\"\",\"sm_col\":\"\",\"md_col\":6,\"xl_col\":\"\",\"custom_class\":\"\",\"name\":\"bottom2\",\"column_type\":0}},{\"type\":\"sp_col\",\"settings\":{\"grid_size\":3,\"hide_on_desktop\":0,\"hide_on_small_desktop\":0,\"hide_on_tablet\":0,\"hide_on_large_phone\":0,\"hide_on_phone\":0,\"xs_col\":\"\",\"sm_col\":\"\",\"md_col\":6,\"xl_col\":\"\",\"custom_class\":\"\",\"name\":\"bottom3\",\"column_type\":0}},{\"type\":\"sp_col\",\"settings\":{\"grid_size\":3,\"hide_on_desktop\":0,\"hide_on_small_desktop\":0,\"hide_on_tablet\":0,\"hide_on_large_phone\":0,\"hide_on_phone\":0,\"xs_col\":\"\",\"sm_col\":\"\",\"md_col\":6,\"xl_col\":\"\",\"custom_class\":\"\",\"name\":\"bottom4\",\"column_type\":0}}]},{\"type\":\"row\",\"layout\":\"3+3+3+3\",\"settings\":{\"name\":\"Bottom 2\",\"fluidrow\":0,\"custom_class\":\"\",\"padding\":\"80px 0px 80px 0px\",\"margin\":\"\",\"color\":\"\",\"link_color\":\"\",\"link_hover_color\":\"\",\"background_color\":\"\",\"background_image\":\"\",\"background_repeat\":\"\",\"background_size\":\"\",\"background_attachment\":\"\",\"background_position\":\"\",\"hide_on_phone\":0,\"hide_on_large_phone\":0,\"hide_on_tablet\":0,\"hide_on_small_desktop\":0,\"hide_on_desktop\":0},\"attr\":[{\"type\":\"sp_col\",\"settings\":{\"column_type\":0,\"name\":\"bottom5\",\"custom_class\":\"\",\"xl_col\":\"\",\"md_col\":\"\",\"sm_col\":\"\",\"xs_col\":\"\",\"hide_on_phone\":0,\"hide_on_large_phone\":0,\"hide_on_tablet\":0,\"hide_on_small_desktop\":0,\"hide_on_desktop\":0,\"grid_size\":3,\"sortableitem\":\"[object Object]\"}},{\"type\":\"sp_col\",\"settings\":{\"column_type\":0,\"name\":\"bottom6\",\"custom_class\":\"\",\"xl_col\":\"\",\"md_col\":\"\",\"sm_col\":\"\",\"xs_col\":\"\",\"hide_on_phone\":0,\"hide_on_large_phone\":0,\"hide_on_tablet\":0,\"hide_on_small_desktop\":0,\"hide_on_desktop\":0,\"grid_size\":3}},{\"type\":\"sp_col\",\"settings\":{\"column_type\":0,\"name\":\"bottom7\",\"custom_class\":\"\",\"xl_col\":\"\",\"md_col\":\"\",\"sm_col\":\"\",\"xs_col\":\"\",\"hide_on_phone\":0,\"hide_on_large_phone\":0,\"hide_on_tablet\":0,\"hide_on_small_desktop\":0,\"hide_on_desktop\":0,\"grid_size\":3}},{\"type\":\"sp_col\",\"settings\":{\"column_type\":0,\"name\":\"bottom8\",\"custom_class\":\"\",\"xl_col\":\"\",\"md_col\":\"\",\"sm_col\":\"\",\"xs_col\":\"\",\"hide_on_phone\":0,\"hide_on_large_phone\":0,\"hide_on_tablet\":0,\"hide_on_small_desktop\":0,\"hide_on_desktop\":0,\"grid_size\":3}}]},{\"type\":\"row\",\"layout\":\"6+6\",\"settings\":{\"name\":\"Footer\",\"background_color\":\"\",\"color\":\"\",\"link_color\":\"\",\"link_hover_color\":\"\",\"hidden_xs\":0,\"hidden_sm\":0,\"hidden_md\":0,\"padding\":\"\",\"margin\":\"\",\"fluidrow\":0,\"custom_class\":\"\"},\"attr\":[{\"type\":\"sp_col\",\"settings\":{\"sortableitem\":\"[object Object]\",\"grid_size\":6,\"column_type\":0,\"name\":\"footer1\",\"hidden_xs\":0,\"hidden_sm\":0,\"hidden_md\":0,\"sm_col\":\"\",\"xs_col\":\"\",\"custom_class\":\"\"}},{\"type\":\"sp_col\",\"settings\":{\"grid_size\":6,\"column_type\":0,\"name\":\"footer2\",\"hidden_xs\":0,\"hidden_sm\":0,\"hidden_md\":0,\"sm_col\":\"\",\"xs_col\":\"\",\"custom_class\":\"\"}}]}]","menu":"mainmenu","menu_type":"mega","dropdown_width":"","menu_animation":"menu-animation-fade-up","offcanvas_position":"right","enable_body_font":"1","body_font":"{\"fontFamily\":\"Lato\",\"fontSize\":\"16\",\"fontWeight\":\"\",\"fontStyle\":\"normal\",\"fontSubset\":\"latin\"}","enable_h1_font":"1","h1_font":"{\"fontFamily\":\"Lato\",\"fontSize\":\"40\",\"fontWeight\":\"300\",\"fontStyle\":\"\",\"fontSubset\":\"latin\"}","enable_h2_font":"1","h2_font":"{\"fontFamily\":\"Lato\",\"fontSize\":\"32\",\"fontWeight\":\"300\",\"fontStyle\":\"\",\"fontSubset\":\"latin\"}","enable_h3_font":"1","h3_font":"{\"fontFamily\":\"Lato\",\"fontSize\":\"24\",\"fontWeight\":\"300\",\"fontStyle\":\"\",\"fontSubset\":\"latin\"}","enable_h4_font":"1","h4_font":"{\"fontFamily\":\"Lato\",\"fontSize\":\"18\",\"fontWeight\":\"300\",\"fontStyle\":\"\",\"fontSubset\":\"latin\"}","enable_h5_font":"1","h5_font":"{\"fontFamily\":\"Lato\",\"fontSize\":\"14\",\"fontWeight\":\"300\",\"fontStyle\":\"\",\"fontSubset\":\"latin\"}","enable_h6_font":"1","h6_font":"{\"fontFamily\":\"Shadows Into Light\",\"fontSize\":\"18\",\"fontWeight\":\"400\",\"fontStyle\":\"\",\"fontSubset\":\"latin\"}","enable_navigation_font":"1","navigation_font":"{\"fontFamily\":\"Lato\",\"fontSize\":\"16\",\"fontWeight\":\"400\",\"fontStyle\":\"\",\"fontSubset\":\"latin\"}","custom_font":"{\"fontFamily\":\"Oswald\",\"fontSize\":\"16\",\"fontWeight\":\"300\",\"fontStyle\":\"\",\"fontSubset\":\"latin\"}","custom_font_selectors":".sp-megamenu-parent .sp-mega-group > li > a, .countme, .sppb-nav-lines > li > a","image_small":"1","image_small_size":"100X100","image_thumbnail":"1","image_thumbnail_size":"600X340","image_medium":"1","image_medium_size":"300X300","image_large_size":"600X600","image_crop_quality":"100","blog_list_image":"thumbnail","leading_blog_list_image":"large","blog_details_image":"default","social_share":"1","og_fb_id":"","og_twitter_site":"","comment":"disabled","comment_disqus_subdomain":"","comment_disqus_devmode":"1","comment_intensedebate_acc":"","comment_facebook_app_id":"","comment_facebook_width":"100","comment_facebook_number":"10","comments_count":"1","before_head":"","before_body":"","custom_css":"","custom_js":"","exclude_js":"","scssoption":"1"}